time,S,I,R,year
0.0,392.0,1589.0,0.0,1970.0
0.03003003003003003,394.67154373855954,1589.3323096130925,0.5415890533527159,1970.03003003003
0.06006006006006006,397.34083076959195,1589.6685772418298,1.0852743785347236,1970.06006006006
0.09009009009009009,400.0078628319983,1590.0088020833407,1.6310548457617136,1970.0900900900901
0.12012012012012012,402.67264166226295,1590.3529833598936,2.1789293265137326,1970.1201201201202
0.15015015015015015,405.33516899364923,1590.701120326453,2.728896693407962,1970.1501501501502
0.18018018018018017,407.99544655620406,1591.0532122704792,3.280955820234625,1970.1801801801803
0.21021021021021022,410.65347607717604,1591.4092585080016,3.8351055820230853,1970.21021021021
0.24024024024024024,413.3092592810157,1591.7692583836185,4.391344855041842,1970.2402402402402
0.2702702702702703,415.9627978893753,1592.1332112704972,4.949672516798543,1970.2702702702702
0.3003003003003003,418.6140936211088,1592.5011165703743,5.510087446039964,1970.3003003003003
0.3303303303303303,421.263148192272,1592.8729737135548,6.072588522752029,1970.3303303303303
0.36036036036036034,423.9099633161225,1593.248782158913,6.6371746281598,1970.3603603603603
0.39039039039039036,426.5545407031197,1593.6285413938915,7.203844644727478,1970.3903903903904
0.42042042042042044,429.19688206092474,1594.0122509345026,7.772597456158404,1970.4204204204204
0.45045045045045046,431.83698909440045,1594.3999103253273,8.343431947395057,1970.4504504504505
0.4804804804804805,434.47486350561155,1594.7915191395155,8.916347004619059,1970.4804804804805
0.5105105105105106,437.1105069938245,1595.1870769787856,9.491341515251168,1970.5105105105106
0.5405405405405406,439.7439212555077,1595.586583473426,10.068414367951284,1970.5405405405406
0.5705705705705706,442.37510798433095,1595.9900382822925,10.64756445261845,1970.5705705705707
0.6006006006006006,445.0040688711663,1596.3974410928115,11.228790660390843,1970.6006006006005
0.6306306306306306,447.6308056040871,1596.808791620977,11.812091883645778,1970.6306306306305
0.6606606606606606,450.2553198683689,1597.2240896113528,12.397467015999723,1970.6606606606606
0.6906906906906907,452.8776133464887,1597.643334837071,12.984914952308266,1970.6906906906906
0.7207207207207207,455.4976877181256,1598.0665270998331,13.574434588666154,1970.7207207207207
0.7507507507507507,458.1155446601602,1598.4936662299094,14.166024822407259,1970.7507507507507
0.7807807807807807,460.731185846675,1598.924752086139,14.759684552104606,1970.7807807807808
0.8108108108108109,463.34461294895425,1599.35978455593,15.355412677570342,1970.8108108108108
0.8408408408408409,465.95582763548396,1599.7987635552595,15.953208099855772,1970.8408408408409
0.8708708708708709,468.564831571952,1600.2416890286736,16.55306972125133,1970.870870870871
0.9009009009009009,471.17162668474515,1600.6885597506323,17.154996452624843,1970.900900900901
0.9309309309309309,473.77621496399973,1601.1393742273078,17.758987204024578,1970.930930930931
0.960960960960961,476.37859804663674,1601.594132590251,18.36504087476525,1970.960960960961
0.990990990990991,478.9787775657433,1602.052835003159,18.973156365601493,1970.990990990991
1.021021021021021,481.57675515206546,1602.515481655073,19.583332578774638,1971.021021021021
1.0510510510510511,484.17253243400813,1602.9820727603797,20.195568418012684,1971.051051051051
1.0810810810810811,486.76611103763537,1603.4526085588113,20.809862788530307,1971.081081081081
1.1111111111111112,489.35749258667005,1603.9270893154455,21.42621459702888,1971.111111111111
1.1411411411411412,491.9466787024942,1604.4055153207044,22.044622751696448,1971.1411411411411
1.1711711711711712,494.53367100414863,1604.8878868903557,22.66508616220773,1971.1711711711712
1.2012012012012012,497.1184711083333,1605.3742043655125,23.287603739724137,1971.2012012012012
1.2312312312312312,499.70108062940704,1605.8644681126332,23.912174396893754,1971.2312312312313
1.2612612612612613,502.28150117938776,1606.3586785235211,24.538797047851347,1971.2612612612613
1.2912912912912913,504.85973436795217,1606.856836015325,25.167470608218366,1971.2912912912914
1.3213213213213213,507.4357818024361,1607.3589410305383,25.79819399510294,1971.3213213213214
1.3513513513513513,510.0096450878344,1607.8649940370005,26.43096612709988,1971.3513513513512
1.3813813813813813,512.5813258268006,1608.3749955278959,27.065785924290676,1971.3813813813813
1.4114114114114114,515.1508256196478,1608.8889460217542,27.7026523082435,1971.4114114114113
1.4414414414414414,517.7181460643473,1609.4068460624499,28.341564202013203,1971.4414414414414
1.4714714714714714,520.28328875653,1609.9286962192032,28.98252053014132,1971.4714714714714
1.5015015015015014,522.8462552894856,1610.4544970865793,29.625520218656057,1971.5015015015015
1.5315315315315314,525.4070472541626,1610.9842492844887,30.270562195072316,1971.5315315315315
1.5615615615615615,527.9656662391686,1611.5179534581869,30.91764538839167,1971.5615615615616
1.5915915915915915,530.5221138307704,1612.055610278275,31.566768729102378,1971.5915915915916
1.6216216216216217,533.0763916128933,1612.5972204406994,32.21793114917937,1971.6216216216217
1.6516516516516517,535.6285011671221,1613.142784666751,32.87113158208427,1971.6516516516517
1.6816816816816818,538.1784440727,1613.6923037030665,33.52636896276537,1971.6816816816818
1.7117117117117118,540.7262219065299,1614.2457783216278,34.18364222765765,1971.7117117117118
1.7417417417417418,543.2718362431729,1614.8032093197621,34.842950314682774,1971.7417417417416
1.7717717717717718,545.8152886548496,1615.3645975201414,35.50429216324906,1971.7717717717717
1.8018018018018018,548.3565807114395,1615.9299437707834,36.16766671425157,1971.8018018018017
1.8318318318318318,550.8957139804809,1616.4992489450508,36.83307291007198,1971.8318318318318
1.8618618618618619,553.4326900271712,1617.0725139416516,37.50050969457867,1971.8618618618618
1.8918918918918919,555.9675104143669,1617.6497396846387,38.16997601312671,1971.8918918918919
1.921921921921922,558.5001767025831,1618.230927123411,38.84147081255784,1971.921921921922
1.951951951951952,561.0306904499943,1618.8160772327115,39.51499304120048,1971.951951951952
1.981981981981982,563.5590532124336,1619.4051910126295,40.190541648869754,1971.981981981982
2.012012012012012,566.0852665433936,1619.9982694885991,40.86811558686745,1972.012012012012
2.042042042042042,568.6093319940252,1620.5953137113993,41.54771380798201,1972.042042042042
2.0720720720720722,571.1312511131388,1621.1963247571548,42.229335266488576,1972.0720720720722
2.1021021021021022,573.6510254472034,1621.8013037273356,42.912978918149015,1972.1021021021022
2.1321321321321323,576.1686565403476,1622.4102517487563,43.5986437202118,1972.132132132132
2.1621621621621623,578.6841459343582,1623.0231699735773,44.28632863141215,1972.162162162162
2.1921921921921923,581.1974951686814,1623.640059579304,44.97603261197191,1972.1921921921921
2.2222222222222223,583.7087057804223,1624.260921768787,45.667754623599635,1972.2222222222222
2.2522522522522523,586.2177793043451,1624.8857577702224,46.36149362949058,1972.2522522522522
2.2822822822822824,588.7247172728726,1625.5145688371513,47.05724859432664,1972.2822822822823
2.3123123123123124,591.2295212160872,1626.1473562484596,47.75501848427639,1972.3123123123123
2.3423423423423424,593.7321926617296,1626.7841213083793,48.454802266995145,1972.3423423423424
2.3723723723723724,596.2327331352001,1627.4248653464872,49.15659891162483,1972.3723723723724
2.4024024024024024,598.7311441595573,1628.0695897177052,49.8604073887941,1972.4024024024025
2.4324324324324325,601.2274272555195,1628.7182958023004,50.56622667061824,1972.4324324324325
2.4624624624624625,603.7215839414633,1629.3709850058856,51.274055730699295,1972.4624624624626
2.4924924924924925,606.213615733425,1630.0276587594183,51.98389354412591,1972.4924924924926
2.5225225225225225,608.7035241450991,1630.6883185192012,52.69573908747344,1972.5225225225224
2.5525525525525525,611.1913106878396,1631.352965766883,53.409591338803935,1972.5525525525525
2.5825825825825826,613.6769768706595,1632.0216020094565,54.12544927766613,1972.5825825825825
2.6126126126126126,616.1605242002302,1632.6942287792608,54.843311885095396,1972.6126126126126
2.6426426426426426,618.641954180883,1633.3708476339793,55.563178143613825,1972.6426426426426
2.6726726726726726,621.1212683146072,1634.0514601566415,56.28504703723019,1972.6726726726727
2.7027027027027026,623.5984681010518,1634.7360679556214,57.00891755143992,1972.7027027027027
2.7327327327327327,626.0735550375246,1635.4246726646384,57.73478867322517,1972.7327327327328
2.7627627627627627,628.5465306189919,1636.1172759427573,58.46265939105469,1972.7627627627628
2.7927927927927927,631.0173963380798,1636.8138794743882,59.192528694884025,1972.7927927927929
2.8228228228228227,633.4861536850728,1637.5144849692863,59.9243955761553,1972.822822822823
2.8528528528528527,635.9528041479145,1638.2190941625518,60.658259027797364,1972.852852852853
2.8828828828828827,638.4173492122075,1638.9277088146305,61.39411804422576,1972.882882882883
2.9129129129129128,640.8797903612134,1639.6403307113133,62.13197162134269,1972.9129129129128
2.942942942942943,643.3401290758527,1640.356961663736,62.871818756537046,1972.9429429429429
2.972972972972973,645.798366834705,1641.0776035083802,63.61365844868439,1972.972972972973
3.003003003003003,648.2545051140089,1641.8022581070722,64.35748969814699,1973.003003003003
3.033033033033033,650.7085453876617,1642.530927346984,65.10331150677375,1973.033033033033
3.063063063063063,653.16048912722,1643.2636131406327,65.85112287790031,1973.063063063063
3.093093093093093,655.6103378018993,1644.0003174258802,66.60092281634894,1973.093093093093
3.123123123123123,658.0580928785738,1644.741042165934,67.35271032842863,1973.1231231231232
3.153153153153153,660.5037558217771,1645.485789349347,68.10648442193502,1973.1531531531532
3.183183183183183,662.9473280937015,1646.2345609900167,68.86224410615047,1973.1831831831832
3.2132132132132134,665.3888111541984,1646.9873591271864,69.61998839184398,1973.2132132132133
3.2432432432432434,667.8282064607779,1647.7441858254447,70.37971629127121,1973.2432432432433
3.2732732732732734,670.2655154686097,1648.505043174725,71.1414268181746,1973.2732732732732
3.3033033033033035,672.7007396305218,1649.269933290306,71.90511898778317,1973.3033033033032
3.3333333333333335,675.1338803970013,1650.0388583128115,72.67079181681265,1973.3333333333333
3.3633633633633635,677.5649392161951,1650.8118204082114,73.4384443234655,1973.3633633633633
3.3933933933933935,679.9939175339077,1651.5888217678196,74.2080755274308,1973.3933933933934
3.4234234234234235,682.4208167936036,1652.369864608296,74.9796844498843,1973.4234234234234
3.4534534534534536,684.845638436406,1653.1549511716457,75.75327011348853,1973.4534534534534
3.4834834834834836,687.2683839010971,1653.9440837252184,76.52883154239254,1973.4834834834835
3.5135135135135136,689.689054624118,1654.7372645617102,77.30636776223224,1973.5135135135135
3.5435435435435436,692.1076520395685,1655.534495999161,78.08587780013008,1973.5435435435436
3.5735735735735736,694.524177579208,1656.3357803809567,78.86736068469529,1973.5735735735736
3.6036036036036037,696.9386326724543,1657.141120075829,79.65081544602367,1973.6036036036037
3.6336336336336337,699.3510187463847,1657.9505174778535,80.43624111569784,1973.6336336336337
3.6636636636636637,701.7613372257351,1658.763975006452,81.22363672678698,1973.6636636636636
3.6936936936936937,704.1695895329007,1659.5814951063912,82.01300131384698,1973.6936936936936
3.7237237237237237,706.575777087935,1660.403080247783,82.80433391292047,1973.7237237237237
3.7537537537537538,708.9799013085512,1661.2287329260846,83.59763356153674,1973.7537537537537
3.7837837837837838,711.3819636101213,1662.0584556620986,84.39289929871167,1973.7837837837837
3.813813813813814,713.781965405676,1662.8922510019725,85.19013016494792,1973.8138138138138
3.843843843843844,716.1799081059054,1663.730121517199,85.98932520223481,1973.8438438438438
3.873873873873874,718.5757931191581,1664.5720698046164,86.79048345404834,1973.873873873874
3.903903903903904,720.9696218514422,1665.4180984864079,87.59360396535118,1973.903903903904
3.933933933933934,723.3613957064242,1666.268210210102,88.39868578259265,1973.933933933934
3.963963963963964,725.7511160854301,1667.1224076485728,89.20572795370883,1973.963963963964
3.993993993993994,728.1387843874447,1667.980693500039,90.0147295281224,1973.993993993994
4.024024024024024,730.5244020091116,1668.8430704880648,90.82568955674276,1974.0240240240241
4.054054054054054,732.9079703447334,1669.7095413615598,91.63860709196601,1974.054054054054
4.084084084084084,735.289490786272,1670.5801088947787,92.4534811876749,1974.084084084084
4.114114114114114,737.6689647233479,1671.4547758873211,93.27031089923882,1974.114114114114
4.1441441441441444,740.046393543241,1672.3335451641326,94.08909528351396,1974.144144144144
4.1741741741741745,742.4217786308898,1673.216419575503,94.90983339884309,1974.1741741741741
4.2042042042042045,744.7951213688917,1674.1034019970682,95.73252430505568,1974.2042042042042
4.2342342342342345,747.1664231375034,1674.994495329809,96.55716706346787,1974.2342342342342
4.2642642642642645,749.5356853146405,1675.8897025000515,97.38376073688256,1974.2642642642643
4.2942942942942945,751.9029092758776,1676.7890264594666,98.21230438958925,1974.2942942942943
4.324324324324325,754.2680963944482,1677.6924701850712,99.04279708736411,1974.3243243243244
4.354354354354355,756.6312480412446,1678.6000366792266,99.87523789747006,1974.3543543543544
4.384384384384385,758.9923655848185,1679.5117289696402,100.70962588865665,1974.3843843843845
4.414414414414415,761.3514503913799,1680.4275501093637,101.5459601311601,1974.4144144144145
4.444444444444445,763.7085038247986,1681.3475031767948,102.38423969670342,1974.4444444444443
4.474474474474475,766.063527246603,1682.271591275676,103.22446365849612,1974.4744744744744
4.504504504504505,768.4165220159803,1683.199817535095,104.06663109123454,1974.5045045045044
4.534534534534535,770.7674894897771,1684.1321851094851,104.91074107110163,1974.5345345345345
4.564564564564565,773.1164310224983,1685.0686971786245,105.75679267576704,1974.5645645645645
4.594594594594595,775.4633479663086,1686.0093569476367,106.60478498438711,1974.5945945945946
4.624624624624625,777.808241671031,1686.9541676469905,107.45471707760484,1974.6246246246246
4.654654654654655,780.151113484148,1687.9031325324997,108.30658803754994,1974.6546546546547
4.684684684684685,782.4919647508007,1688.8562548853236,109.16039694783876,1974.6846846846847
4.714714714714715,784.8307968137892,1689.8135380119666,110.01614289357435,1974.7147147147148
4.744744744744745,787.1676110135727,1690.7749852442782,110.87382496134646,1974.7447447447448
4.774774774774775,789.5024086882697,1691.7405999394537,111.73344223923152,1974.7747747747749
4.804804804804805,791.835191173657,1692.7103854800328,112.59499381679257,1974.804804804805
4.834834834834835,794.1659598031708,1693.6843452739008,113.45847878507944,1974.8348348348347
4.864864864864865,796.4947159079063,1694.6624827542885,114.32389623662854,1974.8648648648648
4.894894894894895,798.8214608166172,1695.6448013797715,115.19124526546304,1974.8948948948948
4.924924924924925,801.1461958557172,1696.6313046342707,116.06052496709272,1974.9249249249249
4.954954954954955,803.4689223492778,1697.6219960270528,116.93173443851413,1974.954954954955
4.984984984984985,805.7896416190301,1698.6168790927286,117.80487277821045,1974.984984984985
5.015015015015015,808.1083549843642,1699.6159573912553,118.67993908615148,1975.015015015015
5.045045045045045,810.4250637623288,1700.6192345079346,119.5569324637938,1975.045045045045
5.075075075075075,812.7397692676324,1701.6267140534135,120.43585201408067,1975.0750750750751
5.105105105105105,815.0524728126413,1702.6383996636846,121.31669684144191,1975.1051051051052
5.135135135135135,817.3631757073817,1703.6542950000853,122.19946605179416,1975.1351351351352
5.165165165165165,819.6718792595384,1704.6744037492986,123.08415875254065,1975.1651651651653
5.195195195195195,821.9785847744552,1705.6987296233522,123.97077405257133,1975.195195195195
5.225225225225225,824.2832935551348,1706.7272763596195,124.85931106226288,1975.2252252252251
5.255255255255255,826.5860069022394,1707.760047720819,125.74976889347853,1975.2552552552552
5.285285285285285,828.8867261140895,1708.7970474950148,126.64214665956828,1975.2852852852852
5.315315315315315,831.1854524866646,1709.8382794956153,127.53644347536886,1975.3153153153153
5.345345345345345,833.4821873136041,1710.8837475613748,128.43265845720353,1975.3453453453453
5.375375375375375,835.7769318862049,1711.9334555563928,129.33079072288237,1975.3753753753754
5.405405405405405,838.0696874934245,1712.9874073701137,130.23083939170212,1975.4054054054054
5.435435435435435,840.3604554218779,1714.0456069173276,131.1328035844461,1975.4354354354355
5.465465465465465,842.6492369558399,1715.1080581381696,132.0366824233844,1975.4654654654655
5.495495495495495,844.9360333772444,1716.1747649981196,132.94247503227382,1975.4954954954956
5.525525525525525,847.2208459656836,1717.2457314880035,133.85018053635775,1975.5255255255256
5.555555555555555,849.5036759984093,1718.3209616239917,134.75979806236626,1975.5555555555557
5.585585585585585,851.7845247503321,1719.4004594476005,135.67132673851629,1975.5855855855855
5.615615615615615,854.0633934940215,1720.4842290256909,136.58476569451113,1975.6156156156155
5.645645645645645,856.3402834997057,1721.5722744504694,137.50011406154104,1975.6456456456456
5.675675675675675,858.6151960352727,1722.6645998394877,138.41737097228287,1975.6756756756756
5.7057057057057055,860.8881323662682,1723.7612093356427,139.3365355609001,1975.7057057057057
5.7357357357357355,863.1590937558985,1724.8621071071761,140.25760696304292,1975.7357357357357
5.7657657657657655,865.4280814650273,1725.9672973476756,141.18058431584825,1975.7657657657658
5.7957957957957955,867.6950967521783,1727.0767842760738,142.1054667579396,1975.7957957957958
5.8258258258258255,869.960140873534,1728.1905721366484,143.03225342942727,1975.8258258258259
5.8558558558558556,872.2232150829354,1729.3086651990222,143.96094347190808,1975.855855855856
5.885885885885886,874.4843206318831,1730.4310677581636,144.89153602846574,1975.885885885886
5.915915915915916,876.7434587695362,1731.557784134386,145.82403024367048,1975.915915915916
5.945945945945946,879.0006307427132,1732.6888186733481,146.75842526357923,1975.945945945946
5.975975975975976,881.255837795891,1733.824175746054,147.6947202357357,1975.9759759759759
6.006006006006006,883.5090811712062,1734.9638597488524,148.63291430917022,1976.006006006006
6.036036036036036,885.7603621084537,1736.1078751034381,149.5730066343997,1976.036036036036
6.066066066066066,888.0096818450878,1737.2562262568504,150.51499636342788,1976.066066066066
6.096096096096096,890.2570416162217,1738.4089176814743,151.45888264974522,1976.096096096096
6.126126126126126,892.5024426546274,1739.5659538750397,152.4046646483286,1976.126126126126
6.156156156156156,894.7458861907362,1740.7273393606217,153.35234151564185,1976.1561561561562
6.186186186186186,896.9873734526382,1741.8930786866413,154.30191240963538,1976.1861861861862
6.216216216216216,899.2269056660821,1743.0631764268637,155.25337648974624,1976.2162162162163
6.246246246246246,901.4644840544763,1744.2376371804,156.20673291689823,1976.2462462462463
6.276276276276276,903.7001098388877,1745.4164655717066,157.1619808535018,1976.2762762762763
6.306306306306306,905.9337842380423,1746.5996662505845,158.119119463454,1976.3063063063064
6.336336336336336,908.165508468325,1747.7872438921804,159.07814791213877,1976.3363363363364
6.366366366366366,910.39528374378,1748.9792031969866,160.0390653664266,1976.3663663663663
6.396396396396396,912.62311127611,1750.1755488908395,161.00187099467448,1976.3963963963963
6.426426426426427,914.848992274677,1751.3762857249221,161.96656396672654,1976.4264264264264
6.456456456456457,917.0729279465017,1752.5814184757612,162.93314345391306,1976.4564564564564
6.486486486486487,919.2949194962642,1753.79095194523,163.90160862905142,1976.4864864864865
6.516516516516517,921.5149681263033,1755.0048909605464,164.87195866644544,1976.5165165165165
6.546546546546547,923.7330750366166,1756.2232403742735,165.84419274188568,1976.5465465465466
6.576576576576577,925.949241424861,1757.4460050643197,166.81831003264946,1976.5765765765766
6.606606606606607,928.1634684863523,1758.6731899339388,167.79430971750077,1976.6066066066066
6.636636636636637,930.3757574140654,1759.9047999117297,168.77219097669007,1976.6366366366367
6.666666666666667,932.5861093986338,1761.1408399516363,169.75195299195474,1976.6666666666667
6.696696696696697,934.7945256283501,1762.381315032948,170.73359494651885,1976.6966966966968
6.726726726726727,937.0010072891664,1763.6262301602994,171.71711602509293,1976.7267267267268
6.756756756756757,939.205555564693,1764.8755903636702,172.70251541387438,1976.7567567567567
6.786786786786787,941.4081716361995,1766.1294006983858,173.68979230054723,1976.7867867867867
6.816816816816817,943.6088566826147,1767.3876662451157,174.67894587428214,1976.8168168168168
6.846846846846847,945.8076118805259,1768.650392109876,175.66997532573654,1976.8468468468468
6.876876876876877,948.0044384041803,1769.9175834240273,176.66287984705448,1976.8768768768768
6.906906906906907,950.1993374254828,1771.189245344275,177.6576586318667,1976.906906906907
6.936936936936937,952.392310113998,1772.4653830526706,178.65431087529066,1976.936936936937
6.966966966966967,954.5833576369496,1773.7460017566107,179.65283577393046,1976.966966966967
6.996996996996997,956.77248115922,1775.0311066888366,180.65323252587683,1976.996996996997
7.027027027027027,958.9596818433506,1776.320703107435,181.65550033070727,1977.027027027027
7.057057057057057,961.144960849542,1777.6147962958382,182.659638389486,1977.0570570570571
7.087087087087087,963.3283193356533,1778.9133915628236,183.66564590476375,1977.0870870870872
7.117117117117117,965.5097584572029,1780.2164942425131,184.67352208057807,1977.117117117117
7.147147147147147,967.6892793673685,1781.5241096943748,185.68326612245318,1977.147147147147
7.177177177177177,969.8668832169861,1782.8362433032216,186.69487723739988,1977.177177177177
7.207207207207207,972.0425711545513,1784.152900479212,187.7083546339158,1977.2072072072071
7.237237237237237,974.216344326218,1785.4740866578488,188.72369752198514,1977.2372372372372
7.267267267267267,976.3882038757997,1786.799807299981,189.74090511307887,1977.2672672672672
7.297297297297297,978.5581509447686,1788.1300678918024,190.7599766201545,1977.2972972972973
7.327327327327327,980.7261866722561,1789.4648739448517,191.78091125765633,1977.3273273273273
7.357357357357357,982.8923121950518,1790.8042309960138,192.80370824151538,1977.3573573573574
7.387387387387387,985.0565286476058,1792.148144607518,193.82836678914924,1977.3873873873874
7.4174174174174174,987.2188371620255,1793.4966203669387,194.85488611946218,1977.4174174174175
7.4474474474474475,989.3792388680783,1794.8496638871964,195.88326545284525,1977.4474474474475
7.4774774774774775,991.5377348931902,1796.207280806556,196.91350401117617,1977.4774774774776
7.5075075075075075,993.6943263624466,1797.569476788628,197.94560101781926,1977.5075075075074
7.5375375375375375,995.8490143985912,1798.936257522368,198.9795556976255,1977.5375375375374
7.5675675675675675,998.0018001220271,1800.307628722077,200.01536727693278,1977.5675675675675
7.597597597597598,1000.1526846508161,1801.683596127401,201.0530349835653,1977.5975975975975
7.627627627627628,1002.3016691006796,1803.0641655033312,202.09255804683434,1977.6276276276276
7.657657657657658,1004.4487545849977,1804.4493426402046,203.13393569753748,1977.6576576576576
7.687687687687688,1006.5939422148085,1805.8391333537027,204.17716716795928,1977.6876876876877
7.717717717717718,1008.737233098811,1807.2335434848524,205.22225169187087,1977.7177177177177
7.747747747747748,1010.8786283433615,1808.6325789000261,206.26918850453,1977.7477477477478
7.777777777777778,1013.0181290524756,1810.0362454909412,207.3179768426812,1977.7777777777778
7.807807807807808,1015.1557363278289,1811.4445491746603,208.36861594455564,1977.8078078078079
7.837837837837838,1017.2914512687546,1812.8574958935917,209.4211050498711,1977.837837837838
7.867867867867868,1019.4252749722457,1814.275091615488,210.47544339983216,1977.867867867868
7.897897897897898,1021.5572085329541,1815.697342333448,211.5316302371301,1977.8978978978978
7.927927927927928,1023.6872530431904,1817.124254065915,212.5896648059427,1977.9279279279278
7.957957957957958,1025.8154095929242,1818.555832856678,213.6495463519346,1977.957957957958
7.987987987987988,1027.9416792697848,1819.992084774871,214.71127412225704,1977.987987987988
8.018018018018019,1030.0660631590595,1821.433015914973,215.7748473655479,1978.018018018018
8.048048048048049,1032.1885623436947,1822.878632396809,216.84026533193187,1978.048048048048
8.078078078078079,1034.3091779042963,1824.3289403655485,217.90752727302024,1978.078078078078
8.108108108108109,1036.427910919129,1825.7839459917063,218.9766324419109,1978.1081081081081
8.138138138138139,1038.5447624641165,1827.2436554711428,220.0475800931886,1978.1381381381382
8.168168168168169,1040.6597336128414,1828.7080750250632,221.12036948292464,1978.1681681681682
8.198198198198199,1042.7728254365445,1830.177210900018,222.194999868677,1978.1981981981983
8.228228228228229,1044.8840390041273,1831.6510693679036,223.27147050949043,1978.2282282282283
8.258258258258259,1046.9933753821488,1833.1296567259606,224.34978066589636,1978.2582582582584
8.288288288288289,1049.1008356348277,1834.6129792967754,225.42992959991278,1978.2882882882882
8.318318318318319,1051.2064208240413,1836.1010434282794,226.51191657504444,1978.3183183183182
8.348348348348349,1053.3101320093258,1837.5938554937497,227.59574085628273,1978.3483483483483
8.378378378378379,1055.4119702478772,1839.0914218918083,228.6814017101058,1978.3783783783783
8.408408408408409,1057.5119365945498,1840.5937490464219,229.76889840447845,1978.4084084084084
8.438438438438439,1059.6100321018564,1842.1008434069033,230.85823020885212,1978.4384384384384
8.468468468468469,1061.7062578199698,1843.6127114479102,231.9493963941649,1978.4684684684685
8.498498498498499,1063.8006147967214,1845.1293596694454,233.0423962328417,1978.4984984984985
8.528528528528529,1065.893104077601,1846.6507945968567,234.13722899879392,1978.5285285285286
8.558558558558559,1067.9837267057587,1848.177022780838,235.23389396741987,1978.5585585585586
8.588588588588589,1070.072483722002,1849.7080507974274,236.3323904156044,1978.5885885885887
8.618618618618619,1072.1593761647985,1851.243885248009,237.43271762171898,1978.6186186186187
8.64864864864865,1074.2444050702743,1852.7845327593118,238.53487486562184,1978.6486486486488
8.67867867867868,1076.3275714722147,1854.3299999834098,239.63886142865803,1978.6786786786786
8.70870870870871,1078.4088764020635,1855.8802935977226,240.74467659365897,1978.7087087087086
8.73873873873874,1080.4883210559772,1857.4354270122005,241.85232005316337,1978.7387387387387
8.76876876876877,1082.5659090766605,1858.9955111991928,242.96179744061027,1978.7687687687687
8.7987987987988,1084.641642389985,1860.560586559936,244.0731101011033,1978.7987987987988
8.82882882882883,1086.7155220212378,1862.1306572571066,245.18625717523153,1978.8288288288288
8.85885885885886,1088.7875489931791,1863.7057274995375,246.3012378066156,1978.8588588588589
8.88888888888889,1090.857724326042,1865.285801542216,247.4180511419078,1978.888888888889
8.91891891891892,1092.9260490375327,1866.8708836862859,248.53669633079193,1978.918918918919
8.94894894894895,1094.9925241428302,1868.4609782790462,249.65717252598353,1978.948948948949
8.97897897897898,1097.0571506545864,1870.0560897139512,250.77947888322956,1978.978978978979
9.00900900900901,1099.1199295829258,1871.6562224306113,251.90361456130873,1979.009009009009
9.03903903903904,1101.1808619354467,1873.261380914792,253.02957872203126,1979.039039039039
9.06906906906907,1103.2399487172192,1874.8715696984145,254.157370530239,1979.069069069069
9.0990990990991,1105.2971909307876,1876.4867933595556,255.28698915380537,1979.099099099099
9.12912912912913,1107.3525895761677,1878.1070565224477,256.41843376363545,1979.129129129129
9.15915915915916,1109.4061456508493,1879.7323638574783,257.5517035336658,1979.1591591591591
9.18918918918919,1111.457860149795,1881.3627200811914,258.68679764086465,1979.1891891891892
9.21921921921922,1113.5077340654395,1882.9981299562853,259.8237152652319,1979.2192192192192
9.24924924924925,1115.5557683876914,1884.6385982916152,260.96245558979894,1979.2492492492493
9.27927927927928,1117.601964103932,1886.2841299421907,262.1030178006288,1979.2792792792793
9.30930930930931,1119.646322199015,1887.9347298091775,263.24540108681606,1979.3093093093094
9.33933933933934,1121.6888436552674,1889.590402839897,264.3896046404869,1979.3393393393394
9.36936936936937,1123.7295294524893,1891.2511540278258,265.5356276567992,1979.3693693693695
9.3993993993994,1125.7683805679535,1892.9169884125963,266.68346933394236,1979.3993993993995
9.42942942942943,1127.8053979764056,1894.587911079996,267.83312887313735,1979.4294294294293
9.45945945945946,1129.8405826500646,1896.2639271619687,268.9846054786368,1979.4594594594594
9.48948948948949,1131.8739355586215,1897.945041836613,270.1378983577249,1979.4894894894894
9.51951951951952,1133.9054576692415,1899.6312603281838,271.2930067207174,1979.5195195195195
9.54954954954955,1135.9351499465615,1901.3225879070906,272.4499297809618,1979.5495495495495
9.57957957957958,1137.9630133526923,1903.0190298898995,273.6086667548369,1979.5795795795796
9.60960960960961,1139.989048847217,1904.7205916393316,274.76921686175353,1979.6096096096096
9.63963963963964,1142.0132573871915,1906.4272785642631,275.93157932415363,1979.6396396396397
9.66966966966967,1144.0356399271457,1908.139096119727,277.0957533675111,1979.6696696696697
9.6996996996997,1146.0561974190807,1909.8560498069105,278.2617382203314,1979.6996996996997
9.72972972972973,1148.0749308124723,1911.5781451731575,279.4295331141513,1979.7297297297298
9.75975975975976,1150.091841054268,1913.3053878119663,280.5991372835395,1979.7597597597598
9.78978978978979,1152.1069290888886,1915.0377833629918,281.77054996609616,1979.78978978979
9.81981981981982,1154.120195858228,1916.7753375120442,282.94377040245297,1979.8198198198197
9.84984984984985,1156.1316423016528,1918.5180559910884,284.11879783627336,1979.8498498498498
9.87987987987988,1158.1412693560026,1920.2659445782463,285.29563151425225,1979.8798798798798
9.90990990990991,1160.14907795559,1922.019009097794,286.4742706861162,1979.9099099099099
9.93993993993994,1162.1550690322001,1923.777255420164,287.6547146046234,1979.93993993994
9.96996996996997,1164.1592435150917,1925.5406894619439,288.83696252556354,1979.96996996997
10.0,1166.161602330996,1927.3093171858773,290.021013707758,1980.0
10.03003003003003,1168.162146404117,1929.083144600863,291.2068674130597,1980.03003003003
10.06006006006006,1170.1608766561321,1930.8621777619553,292.39452290635313,1980.06006006006
10.09009009009009,1172.157794006191,1932.6464227703643,293.5839794555545,1980.0900900900901
10.12012012012012,1174.1528993709169,1934.4358857734558,294.77523633161155,1980.1201201201202
10.15015015015015,1176.1461936644057,1936.2305729647503,295.9682928085036,1980.1501501501502
10.18018018018018,1178.1376777982264,1938.030490583925,297.1631481632415,1980.1801801801803
10.21021021021021,1180.1273526814202,1939.8356449168118,298.3598016758678,1980.21021021021
10.24024024024024,1182.1152192205022,1941.6460422953987,299.55825262945666,1980.2402402402402
10.27027027027027,1184.10127831946,1943.4616890978289,300.75850031011373,1980.2702702702702
10.3003003003003,1186.085530879754,1945.2825917484013,301.9605440069764,1980.3003003003003
10.33033033033033,1188.0679778003177,1947.10875671757,303.1643830122136,1980.3303303303303
10.36036036036036,1190.0486199775573,1948.9401905219456,304.3700166210257,1980.3603603603603
10.39039039039039,1192.0274583053524,1950.776899724293,305.5774441316449,1980.3903903903904
10.42042042042042,1194.0044936750548,1952.6188909335335,306.7866648453349,1980.4204204204204
10.45045045045045,1195.9797269754897,1954.466170804744,307.9976780663909,1980.4504504504505
10.48048048048048,1197.9531590929555,1956.3187460391562,309.21048310213996,1980.4804804804805
10.51051051051051,1199.924790911223,1958.1766233841581,310.4250792629404,1980.5105105105106
10.54054054054054,1201.894623311536,1960.039809633293,311.64146586218243,1980.5405405405406
10.57057057057057,1203.862657172611,1961.90831162626,312.8596422162877,1980.5705705705707
10.6006006006006,1205.8288933706385,1963.7821362489128,314.0796076447094,1980.6006006006005
10.63063063063063,1207.7933327792807,1965.661290433262,315.30136146993254,1980.6306306306305
10.66066066066066,1209.7559762696733,1967.5457811574727,316.52490301747355,1980.6606606606606
10.69069069069069,1211.7168247104246,1969.435615445866,317.75023161588047,1980.6906906906906
10.72072072072072,1213.6758789676162,1971.3308003689187,318.977346596733,1980.7207207207207
10.75075075075075,1215.6331399048026,1973.2313430432628,320.20624729464237,1980.7507507507507
10.78078078078078,1217.588608383011,1975.1372506316861,321.4369330472515,1980.7807807807808
10.81081081081081,1219.5422852607412,1977.0485303431317,322.6694031952348,1980.8108108108108
10.84084084084084,1221.494171393967,1978.9651894326985,323.9036570822983,1980.8408408408409
10.87087087087087,1223.444267636134,1980.887235201641,325.13969405517975,1980.870870870871
10.9009009009009,1225.3925748381612,1982.814674997369,326.37751346364826,1980.900900900901
10.93093093093093,1227.3390938484408,1984.7475162134476,327.61711466050485,1980.930930930931
10.96096096096096,1229.2838255128372,1986.6857662895986,328.8584970015818,1980.960960960961
10.99099099099099,1231.2267706746884,1988.629432711698,330.10165984574326,1980.990990990991
11.02102102102102,1233.167930174805,1990.578523011778,331.3466025548847,1981.021021021021
11.05105105105105,1235.1073048514704,1992.5330447680265,332.5933244939336,1981.051051051051
11.08108108108108,1237.0448955404415,1994.4930056047865,333.84182503084867,1981.081081081081
11.11111111111111,1238.9807030749473,1996.458413192557,335.09210353662024,1981.111111111111
11.14114114114114,1240.9147282856907,1998.429275247992,336.3441593852705,1981.1411411411411
11.17117117117117,1242.8469720008463,2000.4055995339017,337.59799195385295,1981.1711711711712
11.2012012012012,1244.777435046063,2002.3873938592517,338.8536006224529,1981.2012012012012
11.23123123123123,1246.706118244461,2004.3746660791626,340.1109847741871,1981.2312312312313
11.26126126126126,1248.6330224166354,2006.3674240949108,341.370143795204,1981.2612612612613
11.29129129129129,1250.5581483806525,2008.3656758539291,342.6310770746835,1981.2912912912914
11.32132132132132,1252.4814969520526,2010.3694293498045,343.89378400483736,1981.3213213213214
11.35135135135135,1254.403068943848,2012.3786926222806,345.1582639809087,1981.3513513513512
11.381381381381381,1256.3228651665247,2014.3934737572558,346.42451640117235,1981.3813813813813
11.411411411411411,1258.2408864280414,2016.413780886785,347.69254066693463,1981.4114114114113
11.441441441441441,1260.15713353383,2018.4396221890772,348.9623361825337,1981.4414414414414
11.471471471471471,1262.0716072867942,2020.4710058884987,350.23390235533896,1981.4714714714714
11.501501501501501,1263.984308487312,2022.5079402555698,351.5072385957517,1981.5015015015015
11.531531531531531,1265.8952379332338,2024.5504336069675,352.78234431720466,1981.5315315315315
11.561561561561561,1267.8043964198828,2026.5984943055234,354.0592189361622,1981.5615615615616
11.591591591591591,1269.7117847400548,2028.6521307602256,355.33786187212036,1981.5915915915916
11.621621621621621,1271.6174036840193,2030.711351426217,356.61827254760675,1981.6216216216217
11.651651651651651,1273.5212540395185,2032.7761648047965,357.9004503881804,1981.6516516516517
11.681681681681681,1275.4233365917669,2034.8465794434182,359.1843948224322,1981.6816816816818
11.711711711711711,1277.3236521234528,2036.922603935692,360.4701052819844,1981.7117117117118
11.741741741741741,1279.2222014147364,2039.0042469213834,361.7575812014911,1981.7417417417416
11.771771771771771,1281.1189852432524,2041.0915170864132,363.0468220186377,1981.7717717717717
11.801801801801801,1283.0140043841066,2043.184423162858,364.3378271741416,1981.8018018018017
11.831831831831831,1284.907259609879,2045.2829739289496,365.6305961117513,1981.8318318318318
11.861861861861861,1286.798751690622,2047.387178209076,366.9251282782472,1981.8618618618618
11.891891891891891,1288.6884813938611,2049.49704487378,368.22142312344135,1981.8918918918919
11.921921921921921,1290.5764494845944,2051.6125828397603,369.51948010017725,1981.921921921922
11.951951951951951,1292.4626567252935,2053.733801069872,370.81929866432995,1981.951951951952
11.981981981981981,1294.3471038759023,2055.8607085731232,372.1208782748063,1981.981981981982
12.012012012012011,1296.2297916938383,2057.993314404681,373.4242183935445,1982.012012012012
12.042042042042041,1298.110720933991,2060.1316276658654,374.7293184855147,1982.042042042042
12.072072072072071,1299.9898923487237,2062.275657504153,376.03617801871815,1982.0720720720722
12.102102102102101,1301.8673066878723,2064.425413113176,377.3447964641882,1982.1021021021022
12.132132132132131,1303.7429646987457,2066.5809037327217,378.65517329598947,1982.132132132132
12.162162162162161,1305.6168671261253,2068.7421386487335,379.96730799121826,1982.162162162162
12.192192192192191,1307.489014712266,2070.9091271933103,381.28120003000254,1982.1921921921921
12.222222222222221,1309.3594081968952,2073.0818787447056,382.5968488955018,1982.2222222222222
12.252252252252251,1311.2280483172135,2075.2604027273296,383.91425407390716,1982.2522522522522
12.282282282282281,1313.0949358078944,2077.4447086117475,385.23341505444125,1982.2822822822823
12.312312312312311,1314.9600714010842,2079.6348059146803,386.55433132935855,1982.3123123123123
12.342342342342342,1316.823455826402,2081.8307041990047,387.8770023939446,1982.3423423423424
12.372372372372372,1318.68508981094,2084.032413073752,389.20142774651737,1982.3723723723724
12.402402402402402,1320.5449740792637,2086.239942194111,390.52760688842557,1982.4024024024025
12.432432432432432,1322.4031093534109,2088.4533012614233,391.8555393240501,1982.4324324324325
12.462462462462462,1324.2594963528925,2090.6725000231886,393.18522456080314,1982.4624624624626
12.492492492492492,1326.1141357946924,2092.8975482730602,394.5166621091287,1982.4924924924926
12.522522522522522,1327.9670283932674,2095.1284558508487,395.849851482502,1982.5225225225224
12.552552552552552,1329.818174860547,2097.3652326425195,397.18479219743045,1982.5525525525525
12.582582582582582,1331.6675759059344,2099.6078885801926,398.5214837734525,1982.5825825825825
12.612612612612612,1333.5152322363049,2101.856433642145,399.85992573313837,1982.6126126126126
12.642642642642642,1335.3611445560068,2104.1108778528082,401.20011760209013,1982.6426426426426
12.672672672672672,1337.2053135668618,2106.3712312827706,402.54205890894116,1982.6726726726727
12.702702702702702,1339.047739968164,2108.637504048774,403.8857491853565,1982.7027027027027
12.732732732732732,1340.8884244566807,2110.9097063137187,405.23118796603273,1982.7327327327328
12.762762762762762,1342.7273677266526,2113.1878482866578,406.5783747886983,1982.7627627627628
12.792792792792792,1344.564570469792,2115.4719402228006,407.92730919411287,1982.7927927927929
12.822822822822824,1346.4000333752854,2117.761992423513,409.2779907260681,1982.822822822823
12.852852852852854,1348.2337571297917,2120.0580152363164,410.63041893138677,1982.852852852853
12.882882882882884,1350.0657424174428,2122.3600190548864,411.9845933599237,1982.882882882883
12.912912912912914,1351.8959899198435,2124.6680143190547,413.340513564565,1982.9129129129128
12.942942942942944,1353.7245003160713,2126.9820115148095,414.6981791012287,1982.9429429429429
12.972972972972974,1355.551274282677,2129.3020211742933,416.057589528864,1982.972972972973
13.003003003003004,1357.3763124936845,2131.6280538758056,417.4187444094521,1983.003003003003
13.033033033033034,1359.1996156205896,2133.9601202437993,418.78164330800564,1983.033033033033
13.063063063063064,1361.0211843323623,2136.298230948885,420.1462857925686,1983.063063063063
13.093093093093094,1362.8410192954448,2138.642396707827,421.5126714342171,1983.093093093093
13.123123123123124,1364.6591211737523,2140.9926282835477,422.88079980705845,1983.1231231231232
13.153153153153154,1366.4754906286728,2143.348936485122,424.25067048823155,1983.1531531531532
13.183183183183184,1368.2901283190677,2145.7113321677825,425.62228305790717,1983.1831831831832
13.213213213213214,1370.1030349012708,2148.0798262329163,426.9956370992874,1983.2132132132133
13.243243243243244,1371.9142110290895,2150.454429628067,428.3707321986061,1983.2432432432433
13.273273273273274,1373.723657353803,2152.8351533469327,429.7475679451287,1983.2732732732732
13.303303303303304,1375.5313745241647,2155.2220084293676,431.1261439311521,1983.3033033033032
13.333333333333334,1377.3373631864001,2157.615005961381,432.50645975200507,1983.3333333333333
13.363363363363364,1379.1416239842076,2160.014157075139,433.88851500604756,1983.3633633633633
13.393393393393394,1380.9441575587591,2162.419472948962,435.2723092946715,1983.3933933933934
13.423423423423424,1382.744964548699,2164.830964807326,436.65784222230036,1983.4234234234234
13.453453453453454,1384.5440455901446,2167.2486439208633,438.0451133963889,1983.4534534534534
13.483483483483484,1386.3414013166864,2169.672521606361,439.43412242742386,1983.4834834834835
13.513513513513514,1388.1370323593876,2172.1026092267625,440.82486892892337,1983.5135135135135
13.543543543543544,1389.9309393467843,2174.538918191166,442.2173525174373,1983.5435435435436
13.573573573573574,1391.7231229048857,2176.9814599548254,443.6115728125468,1983.5735735735736
13.603603603603604,1393.5135836571737,2179.430246019151,445.00752943686496,1983.6036036036037
13.633633633633634,1395.3023222246036,2181.885287931708,446.4052220160365,1983.6336336336337
13.663663663663664,1397.0893392256025,2184.346597286216,447.80465017873723,1983.6636636636636
13.693693693693694,1398.8746352760722,2186.814185722553,449.20581355667514,1983.6936936936936
13.723723723723724,1400.658210989386,2189.2880649267495,450.6087117845897,1983.7237237237237
13.753753753753754,1402.44006697639,2191.7682466309934,452.0133445002515,1983.7537537537537
13.783783783783784,1404.2202038454045,2194.2547426136275,453.4197113444634,1983.7837837837837
13.813813813813814,1405.9986222022217,2196.7475646991506,454.8278119610594,1983.8138138138138
13.843843843843844,1407.7753226501072,2199.246724758217,456.2376459969052,1983.8438438438438
13.873873873873874,1409.5503057897988,2201.7522347076356,457.64921310189834,1983.873873873874
13.903903903903904,1411.3235722195084,2204.2641065103726,459.0625129289675,1983.903903903904
13.933933933933934,1413.0951225349197,2206.782352175547,460.47754513407347,1983.933933933934
13.963963963963964,1414.86495732919,2209.306983758437,461.8943093762082,1983.963963963964
13.993993993993994,1416.6330771929497,2211.8380133604737,463.3128053173955,1983.993993993994
14.024024024024024,1418.399482714301,2214.375453129244,464.73303262269053,1984.0240240240241
14.054054054054054,1420.1641744788203,2216.919315258491,466.15499096018044,1984.054054054054
14.084084084084084,1421.927153069556,2219.469611988114,467.5786800009836,1984.084084084084
14.114114114114114,1423.6884190670303,2222.0263556041664,469.00409941925017,1984.114114114114
14.144144144144144,1425.4479730492376,2224.5895584388577,470.4312488921618,1984.144144144144
14.174174174174174,1427.2058155916452,2227.159232870553,471.8601280999319,1984.1741741741741
14.204204204204204,1428.9619472671939,2229.7353913237735,473.2907367258053,1984.2042042042042
14.234234234234235,1430.7163686462973,2232.318046269195,474.7230744560586,1984.2342342342342
14.264264264264265,1432.4690802968412,2234.9072102236496,476.15714097999967,1984.2642642642643
14.294294294294295,1434.220082784185,2237.5028957501245,477.5929359899684,1984.2942942942943
14.324324324324325,1435.9693766711614,2240.1051154577626,479.03045918133614,1984.3243243243244
14.354354354354355,1437.7169625180748,2242.713882001862,480.4697102525055,1984.3543543543544
14.384384384384385,1439.4628408827036,2245.329208083878,481.9106889049112,1984.3843843843845
14.414414414414415,1441.2070123202986,2247.9511064514186,483.3533948430192,1984.4144144144145
14.444444444444445,1442.9494773835838,2250.57958989825,484.7978277743273,1984.4444444444443
14.474474474474475,1444.690236622756,2253.2146712642925,486.24398740936476,1984.4744744744744
14.504504504504505,1446.4292905854845,2255.8563634356224,487.69187346169224,1984.5045045045044
14.534534534534535,1448.1666398169127,2258.5046793444712,489.14148564790247,1984.5345345345345
14.564564564564565,1449.9022848596555,2261.159631969226,490.59282368761944,1984.5645645645645
14.594594594594595,1451.6362262538014,2263.8212343344308,492.04588730349866,1984.5945945945946
14.624624624624625,1453.3684645369124,2266.4894995107834,493.50067622122765,1984.6246246246246
14.654654654654655,1455.0990002440221,2269.164440615137,494.95719016952495,1984.6546546546547
14.684684684684685,1456.8278339076383,2271.8460708105026,496.4154288801413,1984.6846846846847
14.714714714714715,1458.5549660577408,2274.5344033060446,497.87539208785864,1984.7147147147148
14.744744744744745,1460.280397221783,2277.2294513570837,499.33707953049066,1984.7447447447448
14.774774774774775,1462.0041279246907,2279.9312282650953,500.80049094888244,1984.7747747747749
14.804804804804805,1463.726158688863,2282.639747377713,502.265626086911,1984.804804804805
14.834834834834835,1465.4464900341713,2285.3550220887223,503.73248469148473,1984.8348348348347
14.864864864864865,1467.1651224779612,2288.0770658380666,505.2010665125436,1984.8648648648648
14.894894894894895,1468.8820565350497,2290.805892111845,506.67137130305935,1984.8948948948948
14.924924924924925,1470.597292717728,2293.5415144423105,508.14339881903516,1984.9249249249249
14.954954954954955,1472.310831535759,2296.2839464078734,509.61714881950576,1984.954954954955
14.984984984984985,1474.0226734963796,2299.0332016330985,511.09262106653773,1984.984984984985
15.015015015015015,1475.7328191042993,2301.789293788706,512.569815325229,1985.015015015015
15.045045045045045,1477.4412688617,2304.5522365915726,514.0487313637091,1985.045045045045
15.075075075075075,1479.1480232682375,2307.3220438047297,515.5293689531395,1985.0750750750751
15.105105105105105,1480.8530828210396,2310.0987292373648,517.0117278677128,1985.1051051051052
15.135135135135135,1482.5564480147073,2312.882306744821,518.4958078846532,1985.1351351351352
15.165165165165165,1484.2581193413148,2315.672790228596,519.9816087842173,1985.1651651651653
15.195195195195195,1485.9580972904093,2318.470193636344,521.4691303496923,1985.195195195195
15.225225225225225,1487.65638234901,2321.274530961875,522.9583723673973,1985.2252252252251
15.255255255255255,1489.3529750016105,2324.085816245153,524.4493346266831,1985.2552552552552
15.285285285285285,1491.0478757301757,2326.9040635723,525.9420169199327,1985.2852852852852
15.315315315315315,1492.7410850141448,2329.729287075591,527.4364190425592,1985.3153153153153
15.345345345345345,1494.4326033304292,2332.561500933458,528.9325407930089,1985.3453453453453
15.375375375375375,1496.1224311534131,2335.4007193704883,530.4303819727586,1985.3753753753754
15.405405405405405,1497.810568954954,2338.2469566574246,531.929942386317,1985.4054054054054
15.435435435435435,1499.4970172043827,2341.1002271111656,533.4312218412247,1985.4354354354355
15.465465465465465,1501.1817763685021,2343.9605450947647,534.9342201480536,1985.4654654654655
15.495495495495495,1502.864846911588,2346.8279250174323,536.4389371204074,1985.4954954954956
15.525525525525525,1504.5462292953903,2349.702381334532,537.9453725749211,1985.5255255255256
15.555555555555555,1506.2259239791304,2352.583928547586,539.4535263312614,1985.5555555555557
15.585585585585585,1507.9039314195034,2355.472581204269,540.9633982121268,1985.5855855855855
15.615615615615615,1509.5802520706768,2358.3683538984133,542.4749880432473,1985.6156156156155
15.645645645645645,1511.2548863842921,2361.271261270006,543.9882956533843,1985.6456456456456
15.675675675675675,1512.9278348094624,2364.1813180051904,545.5033208743309,1985.6756756756756
15.705705705705705,1514.599097792775,2367.098538836264,547.0200635409121,1985.7057057057057
15.735735735735735,1516.2686757782885,2370.022938541681,548.5385234909841,1985.7357357357357
15.765765765765765,1517.9365692075362,2372.9545319460512,550.0587005654348,1985.7657657657658
15.795795795795796,1519.6027785195229,2375.893333920139,551.5805946081839,1985.7957957957958
15.825825825825826,1521.2673041507273,2378.839359380865,553.1042054661823,1985.8258258258259
15.855855855855856,1522.9301465351007,2381.792623291306,554.6295329894128,1985.855855855856
15.885885885885886,1524.591306104067,2384.753140660693,556.1565770308898,1985.885885885886
15.915915915915916,1526.2507832865235,2387.7209265444135,557.6853374466593,1985.915915915916
15.945945945945946,1527.90857850884,2390.69599604401,559.2158140957986,1985.945945945946
15.975975975975976,1529.5646921948594,2393.6783643071813,560.748006840417,1985.9759759759759
16.006006006006007,1531.219124765898,2396.6680465277805,562.2819155456552,1986.006006006006
16.036036036036037,1532.871876640744,2399.6650579458174,563.8175400796853,1986.036036036036
16.066066066066067,1534.5229482356594,2402.6694138474572,565.3548803137114,1986.066066066066
16.096096096096097,1536.1723399643788,2405.68112956502,566.8939361219691,1986.096096096096
16.126126126126128,1537.8200522381098,2408.700220476982,568.4347073817253,1986.126126126126
16.156156156156158,1539.4660854655326,2411.726702007975,569.9771939732786,1986.1561561561562
16.186186186186188,1541.110440052801,2414.760589628786,571.5213957799597,1986.1861861861862
16.216216216216218,1542.753116403541,2417.8018988563576,573.0673126881302,1986.2162162162163
16.246246246246248,1544.394114918852,2420.8506452537886,574.6149445871836,1986.2462462462463
16.276276276276278,1546.0334359973062,2423.906844430332,576.164291369545,1986.2762762762763
16.306306306306308,1547.6710800349483,2426.970512041398,577.7153529306711,1986.3063063063064
16.336336336336338,1549.3070474252968,2430.041663788551,579.2681291690503,1986.3363363363364
16.366366366366368,1550.9413385593425,2433.120315419512,580.8226199862024,1986.3663663663663
16.396396396396398,1552.573953825549,2436.2064827281565,582.3788252866786,1986.3963963963963
16.426426426426428,1554.2048936098533,2439.3001815545163,583.9367449780625,1986.4264264264264
16.456456456456458,1555.834158295665,2442.4014277847787,585.4963789709684,1986.4564564564564
16.486486486486488,1557.4617482638669,2445.5102373512864,587.0577271790426,1986.4864864864865
16.516516516516518,1559.0876638928144,2448.626626232537,588.6207895189632,1986.5165165165165
16.546546546546548,1560.711905558336,2451.7506104531853,590.1855659104392,1986.5465465465466
16.576576576576578,1562.3344736337328,2454.88220608404,591.752056276212,1986.5765765765766
16.606606606606608,1563.9553684897799,2458.021429242066,593.3202605420543,1986.6066066066066
16.636636636636638,1565.5745904947237,2461.1682960903845,594.89017863677,1986.6366366366367
16.666666666666668,1567.1921400142846,2464.3228228382704,596.4618104921954,1986.6666666666667
16.696696696696698,1568.8080174116558,2467.4850257411563,598.0351560431975,1986.6966966966968
16.726726726726728,1570.4222230475032,2470.6549211006286,599.6102152276757,1986.7267267267268
16.756756756756758,1572.034757279966,2473.83252526443,601.1869879865603,1986.7567567567567
16.786786786786788,1573.6456204646556,2477.0178546264597,602.7654742638139,1986.7867867867867
16.816816816816818,1575.254812954657,2480.21092562677,604.34567400643,1986.8168168168168
16.846846846846848,1576.862335100528,2483.411754751571,605.9275871644343,1986.8468468468468
16.876876876876878,1578.4681872502993,2486.6203585332278,607.5112136908837,1986.8768768768768
16.906906906906908,1580.072369749474,2489.8367535502607,609.0965535418668,1986.906906906907
16.936936936936938,1581.6748829410287,2493.0609564273454,610.6836066765037,1986.936936936937
16.966966966966968,1583.2757271654132,2496.292983835314,612.2723730569465,1986.966966966967
16.996996996996998,1584.8749027605495,2499.5328524911524,613.8628526483785,1986.996996996997
17.027027027027028,1586.4724100618328,2502.7805791580045,615.4550454190144,1987.027027027027
17.057057057057058,1588.0682494021312,2506.0361806451683,617.0489513401012,1987.0570570570571
17.087087087087088,1589.662421111786,2509.299673808097,618.6445703859172,1987.0870870870872
17.117117117117118,1591.254925518611,2512.5710755484,620.2419025337717,1987.1171171171172
17.147147147147148,1592.845762947893,2515.8504028138427,621.8409477640064,1987.147147147147
17.177177177177178,1594.4349337223925,2519.137672598345,623.4417060599942,1987.177177177177
17.207207207207208,1596.0224381623416,2522.432901941983,625.04417740814,1987.2072072072071
17.237237237237238,1597.6082765854462,2525.7361079309885,626.6483617978795,1987.2372372372372
17.26726726726727,1599.1924493068848,2529.0473076977482,628.2542592216807,1987.2672672672672
17.2972972972973,1600.7749566393093,2532.366518420805,629.8618696750432,1987.2972972972973
17.32732732732733,1602.3557988928437,2535.6937573248565,631.4711931564975,1987.3273273273273
17.35735735735736,1603.9349763750856,2539.029041680757,633.0822296676066,1987.3573573573574
17.38738738738739,1605.5124893911056,2542.3723888055156,634.6949792129644,1987.3873873873874
17.41741741741742,1607.0883382434465,2545.7238160622974,636.3094418001969,1987.4174174174175
17.44744744744745,1608.6625232321244,2549.083340860422,637.9256174399613,1987.4474474474475
17.47747747747748,1610.2350446546288,2552.4509806553665,639.5435061459466,1987.4774774774776
17.50750750750751,1611.8059028059215,2555.826752948761,641.1631079348733,1987.5075075075074
17.53753753753754,1613.3750979784372,2559.2106752883938,642.7844228264937,1987.5375375375374
17.56756756756757,1614.942630462084,2562.602765268207,644.4074508435913,1987.5675675675675
17.5975975975976,1616.5085005442427,2566.0030405282987,646.0321920119817,1987.5975975975975
17.62762762762763,1618.0727085097667,2569.4115187549223,647.6586463605117,1987.6276276276276
17.65765765765766,1619.6352546409828,2572.828217680488,649.28681392106,1987.6576576576576
17.68768768768769,1621.1961392176906,2576.2531550835592,650.9166947285366,1987.6876876876877
17.71771771771772,1622.7553625171627,2579.6863487888572,652.5482888208833,1987.7177177177177
17.74774774774775,1624.312924814144,2583.127816667258,654.1815962390733,1987.7477477477478
17.77777777777778,1625.868826380853,2586.577576635793,655.8166170271119,1987.7777777777778
17.80780780780781,1627.423067486981,2590.0356466576486,657.453351232035,1987.8078078078079
17.83783783783784,1628.9756483996925,2593.5020447421675,659.0917989039112,1987.837837837838
17.86786786786787,1630.5265693836238,2596.9767889448485,660.7319600958402,1987.867867867868
17.8978978978979,1632.0758307008855,2600.4598973673446,662.3738348639531,1987.8978978978978
17.92792792792793,1633.6234326110605,2603.9513881574658,664.017423267413,1987.9279279279278
17.95795795795796,1635.1693753712043,2607.4512795091764,665.6627253684143,1987.957957957958
17.98798798798799,1636.7136592358456,2610.959589662596,667.309741232183,1987.987987987988
18.01801801801802,1638.2562844569866,2614.476336904002,668.9584709269773,1988.018018018018
18.04804804804805,1639.7972512841015,2618.0015395658243,670.6089145240858,1988.048048048048
18.07807807807808,1641.336559964138,2621.535216026651,672.2610720978299,1988.078078078078
18.10810810810811,1642.8742107415167,2625.077384711224,673.914943725562,1988.1081081081081
18.13813813813814,1644.4102038581304,2628.628064090442,675.570529487666,1988.1381381381382
18.16816816816817,1645.9445395533462,2632.187272681358,677.2278294675577,1988.1681681681682
18.1981981981982,1647.4772180640027,2635.7550290471813,678.8868437516846,1988.1981981981983
18.22822822822823,1649.0082396244122,2639.331351797277,680.5475724295251,1988.2282282282283
18.25825825825826,1650.5376044663599,2642.9162595871653,682.2100155935902,1988.2582582582584
18.28828828828829,1652.0653128191038,2646.5097711185217,683.8741733394215,1988.2882882882882
18.31831831831832,1653.5913649093745,2650.1119051391784,685.540045765593,1988.3183183183182
18.34834834834835,1655.1157609613763,2653.7226804431216,687.2076329737101,1988.3483483483483
18.37837837837838,1656.6385011967857,2657.342115870494,688.8769350684095,1988.3783783783783
18.40840840840841,1658.1595858347523,2660.9702303075937,690.5479521573593,1988.4084084084084
18.43843843843844,1659.679015091899,2664.6070426868746,692.2206843512599,1988.4384384384384
18.46846846846847,1661.196789182321,2668.2525719869454,693.8951317638431,1988.4684684684685
18.4984984984985,1662.7129083175869,2671.906837232571,695.5712945118717,1988.4984984984985
18.52852852852853,1664.2273727067382,2675.569857494672,697.2491727151412,1988.5285285285286
18.55855855855856,1665.7401825562888,2679.2416518903233,698.9287664964772,1988.5585585585586
18.58858858858859,1667.2513380702267,2682.9222395827574,700.6100759817386,1988.5885885885887
18.61861861861862,1668.7608394500112,2686.6116397813607,702.2931012998146,1988.6186186186187
18.64864864864865,1670.2686868945757,2690.309871741676,703.9778425826265,1988.6486486486488
18.67867867867868,1671.774880600326,2694.0169547654004,705.6642999651272,1988.6786786786786
18.70870870870871,1673.2794207611414,2697.732908200389,707.3524735853009,1988.7087087087086
18.73873873873874,1674.7823075683737,2701.4577514406496,709.0423635841637,1988.7387387387387
18.76876876876877,1676.283541210847,2705.191503926347,710.7339701057635,1988.7687687687687
18.7987987987988,1677.78312187486,2708.934185143803,712.4272932971794,1988.7987987987988
18.82882882882883,1679.2810497441824,2712.6858146254917,714.122333308522,1988.8288288288288
18.85885885885886,1680.7773250000582,2716.446411950045,715.8190902929339,1988.8588588588589
18.88888888888889,1682.271947821204,2720.2159967422494,717.5175644065891,1988.888888888889
18.91891891891892,1683.764918383809,2723.9945886730484,719.2177558086933,1988.918918918919
18.94894894894895,1685.256236861535,2727.782207459539,720.9196646614836,1988.948948948949
18.97897897897898,1686.7459034255176,2731.578872864976,722.6232911302286,1988.978978978979
19.00900900900901,1688.2339182443652,2735.3846046987665,724.3286353832292,1989.009009009009
19.03903903903904,1689.7202814841587,2739.1994228164767,726.0356975918169,1989.039039039039
19.06906906906907,1691.2049933084518,2743.023347119827,727.7444779303555,1989.069069069069
19.0990990990991,1692.6880538782716,2746.856397556692,729.4549765762401,1989.099099099099
19.12912912912913,1694.1694633521183,2750.698594121104,731.1671937098979,1989.129129129129
19.15915915915916,1695.649221885964,2754.5499568532496,732.8811295147866,1989.1591591591591
19.18918918918919,1697.1273296332547,2758.410505839471,734.5967841773968,1989.1891891891892
19.21921921921922,1698.603786744909,2762.280261212267,736.3141578872496,1989.2192192192192
19.24924924924925,1700.0785933693187,2766.15924315029,738.0332508368987,1989.2492492492493
19.27927927927928,1701.5517496523478,2770.0474718783494,739.7540632219283,1989.2792792792793
19.30930930930931,1703.0232557373338,2773.9449676674103,741.4765952409551,1989.3093093093094
19.33933933933934,1704.493111765087,2777.851750834593,743.2008470956271,1989.3393393393394
19.36936936936937,1705.9613178738905,2781.767841743172,744.9268189906236,1989.3693693693695
19.3993993993994,1707.4278741995008,2785.6932608025804,746.6545111336561,1989.3993993993995
19.42942942942943,1708.8927808751464,2789.628028468404,748.3839237354669,1989.4294294294293
19.45945945945946,1710.3560380315298,2793.572165242385,750.1150570098307,1989.4594594594594
19.48948948948949,1711.8176457968261,2797.525691672422,751.8479111735537,1989.4894894894894
19.51951951951952,1713.2776042966823,2801.4886283525675,753.5824864464728,1989.5195195195195
19.54954954954955,1714.7359136542198,2805.460995923032,755.3187830514576,1989.5495495495495
19.57957957957958,1716.1925739900319,2809.442815070179,757.0568012144086,1989.5795795795796
19.60960960960961,1717.6475854221853,2813.4341065265294,758.7965411642582,1989.6096096096096
19.63963963963964,1719.1009480662199,2817.434891070759,760.5380031329706,1989.6396396396397
19.66966966966967,1720.5526620351475,2821.4451895276975,762.2811873555409,1989.6696696696697
19.6996996996997,1722.0027274394538,2825.4650227683337,764.0260940699965,1989.6996996996997
19.72972972972973,1723.4511443870974,2829.4944117098094,765.7727235173961,1989.7297297297298
19.75975975975976,1724.897912983509,2833.5333773154216,767.5210759418301,1989.7597597597598
19.78978978978979,1726.343033331593,2837.5819405946254,769.2711515904202,1989.78978978979
19.81981981981982,1727.7865055317263,2841.6401226030284,771.02295071332,1989.8198198198197
19.84984984984985,1729.228329681759,2845.7079444423953,772.7764735637145,1989.8498498498498
19.87987987987988,1730.668505877014,2849.7854272606473,774.5317203978208,1989.8798798798798
19.90990990990991,1732.107034210287,2853.8725922518593,776.2886914748867,1989.9099099099099
19.93993993993994,1733.543914771847,2857.9694606562625,778.0473870571925,1989.93993993994
19.96996996996997,1734.9791476494356,2862.076053760244,779.8078074100496,1989.96996996997
20.0,1736.4127329282674,2866.192392896346,781.5699528018009,1990.0
20.03003003003003,1737.8446706910295,2870.318499443267,783.3338235038212,1990.03003003003
20.06006006006006,1739.2749610178826,2874.4543948258593,785.099419790517,1990.06006006006
20.09009009009009,1740.7036039864602,2878.600100515133,786.8667419393258,1990.0900900900901
20.12012012012012,1742.1305996718686,2882.7556380282517,788.6357902307175,1990.1201201201202
20.15015015015015,1743.5559481466871,2886.9210289285365,790.4065649481928,1990.1501501501502
20.18018018018018,1744.9796494809673,2891.096294825462,792.1790663782848,1990.1801801801803
20.21021021021021,1746.4017037422348,2895.28145737466,793.9532948105573,1990.21021021021
20.24024024024024,1747.8221109954873,2899.476538277918,795.7292505376064,1990.2402402402402
20.27027027027027,1749.240871303196,2903.681559283177,797.5069338550596,1990.2702702702702
20.3003003003003,1750.6579847253042,2907.896542184536,799.286345061576,1990.3003003003003
20.33033033033033,1752.073451319229,2912.1215088222475,801.0674844588463,1990.3303303303303
20.36036036036036,1753.4872711398602,2916.356481082721,802.8503523515923,1990.3603603603603
20.39039039039039,1754.89944423956,2920.601480898521,804.6349490475683,1990.3903903903904
20.42042042042042,1756.3099706681642,2924.8565302483676,806.4212748575599,1990.4204204204204
20.45045045045045,1757.718850472981,2929.121651157136,808.2093300953837,1990.4504504504505
20.48048048048048,1759.1260836987924,2933.396865695858,809.9991150778886,1990.4804804804805
20.51051051051051,1760.531670387852,2937.6821959817203,811.790630124955,1990.5105105105106
20.54054054054054,1761.935610579887,2941.977664178065,813.5838755594942,1990.5405405405406
20.57057057057057,1763.3379043120979,2946.2832924943896,815.37885170745,1990.5705705705707
20.6006006006006,1764.7385516191575,2950.599103186348,817.1755588977976,1990.6006006006005
20.63063063063063,1766.1375525332119,2954.9251185557496,818.9739974625434,1990.6306306306305
20.66066066066066,1767.5349070838802,2959.2613609505574,820.7741677367256,1990.6606606606606
20.69069069069069,1768.9306152982535,2963.607852764893,822.5760700584142,1990.6906906906906
20.72072072072072,1770.3246772008974,2967.964616439031,824.3797047687102,1990.7207207207207
20.75075075075075,1771.717092813849,2972.331674459403,826.1850722117473,1990.7507507507507
20.78078078078078,1773.107862156619,2976.709049358596,827.9921727346896,1990.7807807807808
20.81081081081081,1774.4969852461913,2981.096763715352,829.8010066877334,1990.8108108108108
20.84084084084084,1775.8844620970217,2985.494840154569,831.6115744241067,1990.8408408408409
20.87087087087087,1777.27029272104,2989.9033013473,833.4238763000686,1990.870870870871
20.9009009009009,1778.6544771276485,2994.3221700107533,835.2379126749104,1990.900900900901
20.93093093093093,1780.0370153237218,2998.7514689082955,837.0536839109544,1990.930930930931
20.96096096096096,1781.4179073136088,3003.191220849444,838.8711903735551,1990.960960960961
20.99099099099099,1782.7971530991304,3007.6414486898766,840.6904324310981,1990.990990990991
21.02102102102102,1784.1747526795803,3012.1021753314235,842.5114104550008,1991.021021021021
21.05105105105105,1785.5507060517252,3016.5734237220718,844.3341248197124,1991.051051051051
21.08108108108108,1786.9250132098055,3021.0552168559625,846.1585759027131,1991.081081081081
21.11111111111111,1788.2976741455336,3025.5475777733946,847.9847640845152,1991.111111111111
21.14114114114114,1789.6686888480954,3030.0505295608214,849.8126897486629,1991.1411411411411
21.17117117117117,1791.0380573041489,3034.5640953508514,851.6423532817311,1991.1711711711712
21.2012012012012,1792.4057794978262,3039.088298322249,853.473755073327,1991.2012012012012
21.23123123123123,1793.7718554107316,3043.623161699935,855.3068955160888,1991.2312312312313
21.26126126126126,1795.1362850219423,3048.1687087549835,857.1417750056871,1991.2612612612613
21.29129129129129,1796.4990683080086,3052.7249628046275,858.9783939408236,1991.2912912912914
21.32132132132132,1797.8602052429537,3057.291947212252,860.8167527232314,1991.3213213213214
21.35135135135135,1799.2196957982742,3061.8696853874003,862.6568517576757,1991.3513513513512
21.38138138138138,1800.5775399429385,3066.4582007857693,864.498691451953,1991.3813813813813
21.41141141141141,1801.9337376433887,3071.057516909213,866.3422722168914,1991.4114114114113
21.44144144144144,1803.2882888635397,3075.6676573057402,868.1875944663507,1991.4414414414414
21.47147147147147,1804.6411935647798,3080.288645569515,870.0346586172221,1991.4714714714714
21.5015015015015,1805.992451705969,3084.9205053408577,871.8834650894287,1991.5015015015015
21.53153153153153,1807.3420632434415,3089.5632603062436,873.734014305925,1991.5315315315315
21.56156156156156,1808.6900281310034,3094.2169341983044,875.5863066926971,1991.5615615615616
21.59159159159159,1810.0363463199349,3098.881550795825,877.4403426787628,1991.5915915915916
21.62162162162162,1811.3810177589876,3103.55713392375,879.2961226961712,1991.6216216216217
21.65165165165165,1812.7240423943874,3108.2437074531754,881.1536471800035,1991.6516516516517
21.68168168168168,1814.0654201698326,3112.9412953013552,883.012916568372,1991.6816816816818
21.71171171171171,1815.4051510264942,3117.649921431698,884.8739313024212,1991.7117117117118
21.74174174174174,1816.7432349030164,3122.3696098537694,886.7366918263263,1991.7417417417416
21.77177177177177,1818.079671735516,3127.1003846232866,888.6011985872948,1991.7717717717717
21.8018018018018,1819.4144614575832,3131.8422698421273,890.4674520355659,1991.8018018018017
21.83183183183183,1820.7476040002812,3136.5952896583226,892.3354526244096,1991.8318318318318
21.86186186186186,1822.079099292145,3141.3594682660587,894.2052008101285,1991.8618618618618
21.89189189189189,1823.408947259184,3146.134829905677,896.0766970520561,1991.8918918918919
21.92192192192192,1824.7371478248797,3150.921398863676,897.9499418125577,1991.921921921922
21.95195195195195,1826.0637009101863,3155.7191994727086,899.8249355570298,1991.951951951952
21.98198198198198,1827.388606433532,3160.5282561115846,901.7016787539013,1991.981981981982
22.01201201201201,1828.711864310817,3165.348593205267,903.5801718746325,1992.012012012012
22.04204204204204,1830.033474455414,3170.180235224877,905.4604153937147,1992.042042042042
22.07207207207207,1831.3534367781701,3175.023206687689,907.3424097886713,1992.0720720720722
22.1021021021021,1832.6717511874044,3179.877532157134,909.226155540057,1992.1021021021022
22.13213213213213,1833.9884175889083,3184.7432362427994,911.1116531314584,1992.132132132132
22.16216216216216,1835.3034358859477,3189.620343600427,912.998903049494,1992.162162162162
22.19219219219219,1836.6168059792599,3194.5088789319148,914.8879057838128,1992.1921921921921
22.22222222222222,1837.928527767056,3199.4088669853154,916.7786618270964,1992.2222222222222
22.25225225225225,1839.2386011450203,3204.3203325548384,918.6711716750575,1992.2522522522522
22.28228228228228,1840.547026006309,3209.243300480847,920.5654358264408,1992.2822822822823
22.31231231231231,1841.8538022415514,3214.177795649862,922.461454783022,1992.3123123123123
22.34234234234234,1843.158929738851,3219.1238429945593,924.3592290496092,1992.3423423423424
22.37237237237237,1844.462408383783,3224.0814674937683,926.2587591340412,1992.3723723723724
22.4024024024024,1845.7642380593952,3229.050694172477,928.1600455471892,1992.4024024024025
22.43243243243243,1847.06441864621,3234.031548101827,930.0630888029555,1992.4324324324325
22.46246246246246,1848.3629500222205,3239.024054399116,931.9678894182742,1992.4624624624626
22.49249249249249,1849.6598320628946,3244.0282382277974,933.8744479131104,1992.4924924924926
22.52252252252252,1850.9550646411722,3249.0441247974795,935.7827648104624,1992.5225225225224
22.55255255255255,1852.2486476274667,3254.071739363927,937.6928406363579,1992.5525525525525
22.58258258258258,1853.5405808896635,3259.1111072290596,939.6046759198582,1992.5825825825825
22.61261261261261,1854.830864293122,3264.162253740953,941.518271193055,1992.6126126126126
22.64264264264264,1856.1194977006735,3269.2252042938376,943.4336269910717,1992.6426426426426
22.67267267267267,1857.4064809726233,3274.2999843281004,945.3507438520638,1992.6726726726727
22.7027027027027,1858.6918139667482,3279.386619330284,947.269622317218,1992.7027027027027
22.73273273273273,1859.9754965383,3284.485134833085,949.1902629307529,1992.7327327327328
22.762762762762762,1861.2575285400012,3289.595556415357,951.1126662399182,1992.7627627627628
22.792792792792792,1862.5379098220485,3294.717909702109,953.0368327949958,1992.7927927927929
22.822822822822822,1863.816640232111,3299.8522203645043,954.9627631492986,1992.822822822823
22.852852852852852,1865.0937196153316,3304.998514119864,956.8904578591714,1992.852852852853
22.882882882882882,1866.369147814325,3310.1568167316636,958.8199174839908,1992.8828828828828
22.912912912912912,1867.6429246691796,3315.327154009533,960.751142586165,1992.9129129129128
22.942942942942942,1868.915050017456,3320.50955180926,962.6841337311331,1992.9429429429429
22.972972972972972,1870.1855236941888,3325.7040360327846,964.6188914873667,1992.972972972973
23.003003003003002,1871.4543455318844,3330.9106326282063,966.555416426368,1993.003003003003
23.033033033033032,1872.7215153605225,3336.1293675897778,968.4937091226722,1993.033033033033
23.063063063063062,1873.987033007556,3341.3602669579072,970.4337701538445,1993.063063063063
23.093093093093092,1875.2508982979107,3346.6033568191597,972.375600100483,1993.093093093093
23.123123123123122,1876.513111053985,3351.858663306254,974.3191995462167,1993.1231231231232
23.153153153153152,1877.7736710956506,3357.1262125980666,976.2645690777063,1993.1531531531532
23.183183183183182,1879.0325782402515,3362.4060309196275,978.211709284644,1993.1831831831832
23.213213213213212,1880.2898323026054,3367.6981445421243,980.1606207597541,1993.2132132132133
23.243243243243242,1881.5454330950024,3373.0025797828985,982.1113040987922,1993.2432432432433
23.273273273273272,1882.799380427206,3378.3193630054466,984.0637599005452,1993.2732732732732
23.303303303303302,1884.0516741064516,3383.6485206194234,986.017988766832,1993.3033033033032
23.333333333333332,1885.3023139374493,3388.990079080637,987.9739913025029,1993.3333333333333
23.363363363363362,1886.5512997223798,3394.3440648910505,989.9317681154394,1993.3633633633633
23.393393393393392,1887.7986312608987,3399.7105045987855,991.8913198165559,1993.3933933933934
23.423423423423422,1889.044308350134,3405.089424798117,993.852647019797,1993.4234234234234
23.453453453453452,1890.288330784686,3410.4808521294744,995.8157503421393,1993.4534534534534
23.483483483483482,1891.5306983566284,3415.8848132794465,997.7806304035918,1993.4834834834835
23.513513513513512,1892.771410855508,3421.3013349807734,999.7472878271938,1993.5135135135135
23.543543543543542,1894.010468068344,3426.7304440123526,1001.7157232390168,1993.5435435435436
23.573573573573572,1895.2478697796291,3432.172167199238,1003.6859372681643,1993.5735735735736
23.603603603603602,1896.4836157713285,3437.626531412639,1005.6579305467709,1993.6036036036037
23.633633633633632,1897.7177058228804,3443.093563569919,1007.631703710003,1993.6336336336337
23.663663663663662,1898.9501397111958,3448.5732906345975,1009.6072573960582,1993.6636636636636
23.693693693693692,1900.1809172106591,3454.0657396163497,1011.5845922461664,1993.6936936936936
23.723723723723722,1901.4100380931272,3459.570937571007,1013.5637089045881,1993.7237237237237
23.753753753753752,1902.6375021279305,3465.0889116005555,1015.5446080186167,1993.7537537537537
23.783783783783782,1903.8633090818712,3470.6196888531385,1017.5272902385763,1993.7837837837837
23.813813813813812,1905.0874587192254,3476.163296523052,1019.5117562178225,1993.8138138138138
23.843843843843842,1906.3099508017417,3481.719761850749,1021.4980066127432,1993.8438438438438
23.873873873873872,1907.5307850886418,3487.2891121228377,1023.486042082757,1993.873873873874
23.903903903903903,1908.7499613366203,3492.871374672084,1025.475863290315,1993.903903903904
23.933933933933933,1909.9674792998449,3498.4665768774075,1027.4674709008996,1993.933933933934
23.963963963963963,1911.183338729956,3504.074746163882,1029.4608655830243,1993.963963963964
23.993993993993993,1912.3975393760663,3509.69591000274,1031.4560480082346,1993.993993993994
24.024024024024023,1913.6100809847626,3515.3300959113667,1033.453018851108,1994.0240240240241
24.054054054054053,1914.8209633001036,3520.977331453304,1035.4517787892523,1994.054054054054
24.084084084084083,1916.0301860636223,3526.6376442382502,1037.4523285033088,1994.084084084084
24.114114114114113,1917.237749014323,3532.311061922058,1039.4546686769488,1994.114114114114
24.144144144144143,1918.4436518886837,3537.9976122067364,1041.4587999968758,1994.144144144144
24.174174174174173,1919.6478944206556,3543.6973228404486,1043.4647231528252,1994.1741741741741
24.204204204204203,1920.8504763416624,3549.410221617515,1045.472438837563,1994.2042042042042
24.234234234234233,1922.0513973806003,3555.136336378411,1047.481947746888,1994.2342342342342
24.264264264264263,1923.2506572638397,3560.875695009767,1049.4932505796296,1994.2642642642643
24.294294294294293,1924.4482557152228,3566.6283254443697,1051.5063480376502,1994.2942942942943
24.324324324324323,1925.644192456065,3572.3942556611614,1053.5212408258417,1994.3243243243244
24.354354354354353,1926.8384672051548,3578.1735136852385,1055.5379296521294,1994.3543543543544
24.384384384384383,1928.031079678754,3583.9661275878548,1057.5564152274692,1994.3843843843845
24.414414414414413,1929.2220295905956,3589.772125486418,1059.5766982658488,1994.4144144144145
24.444444444444443,1930.4113166518878,3595.591535544494,1061.5987794842883,1994.4444444444443
24.474474474474473,1931.5989405713108,3601.424385971801,1063.6226596028382,1994.4744744744744
24.504504504504503,1932.7849010550171,3607.2707050242143,1065.6483393445817,1994.5045045045044
24.534534534534533,1933.9691978066328,3613.1305210037654,1067.6758194356323,1994.5345345345345
24.564564564564563,1935.1518305272566,3619.00386225864,1069.705100605136,1994.5645645645645
24.594594594594593,1936.332798915461,3624.8907571831805,1071.7361835852703,1994.5945945945946
24.624624624624623,1937.5121026672898,3630.7912342178834,1073.7690691112443,1994.6246246246246
24.654654654654653,1938.689741476261,3636.705321849404,1075.8037579212987,1994.6546546546547
24.684684684684683,1939.8657150333652,3642.633048610548,1077.8402507567052,1994.6846846846847
24.714714714714713,1941.0400230270661,3648.5744430802815,1079.8785483617683,1994.7147147147148
24.744744744744743,1942.2126651432998,3654.529533883724,1081.918651483823,1994.7447447447448
24.774774774774773,1943.3836410654756,3660.4983496921486,1083.9605608732359,1994.7747747747749
24.804804804804803,1944.552950474476,3666.4809192229886,1086.0042772834067,1994.804804804805
24.834834834834833,1945.720593048656,3672.47727123983,1088.0498014707646,1994.8348348348347
24.864864864864863,1946.8865684638438,3678.487434552413,1090.0971341947716,1994.8648648648648
24.894894894894893,1948.0508763933403,3684.511438016637,1092.1462762179212,1994.8948948948948
24.924924924924923,1949.2135165079192,3690.549310534553,1094.1972283057387,1994.9249249249249
24.954954954954953,1950.374488475828,3696.601081054371,1096.2499912267801,1994.954954954955
24.984984984984983,1951.533791962786,3702.666778570456,1098.304565752634,1994.984984984985
25.015015015015013,1952.6914266319864,3708.7464321233247,1100.3609526579198,1995.015015015015
25.045045045045043,1953.847392144094,3714.840070799655,1102.4191527202893,1995.045045045045
25.075075075075073,1955.001688157248,3720.9477237322762,1104.4791667204252,1995.0750750750751
25.105105105105103,1956.1543143270596,3727.0694201001743,1106.540995442042,1995.1051051051052
25.135135135135133,1957.3052703066132,3733.205189128492,1108.604639671886,1995.1351351351352
25.165165165165163,1958.4545557464667,3739.3550600885274,1110.6701001997349,1995.1651651651653
25.195195195195193,1959.6021702946496,3745.5190622977316,1112.737377818398,1995.195195195195
25.225225225225223,1960.7481135966655,3751.6972251197144,1114.8064733237165,1995.2252252252251
25.255255255255253,1961.8923852954902,3757.88957796424,1116.8773875145625,1995.2552552552552
25.285285285285283,1963.034985031573,3764.096150287226,1118.9501211928405,1995.2852852852852
25.315315315315313,1964.1759124428354,3770.3169715907507,1121.0246751634863,1995.3153153153153
25.345345345345343,1965.3151671646729,3776.5520714230424,1123.101050234467,1995.3453453453453
25.375375375375373,1966.4527488299527,3782.8014793784887,1125.1792472167817,1995.3753753753754
25.405405405405403,1967.5886570690159,3789.06522509763,1127.259266924461,1995.4054054054054
25.435435435435434,1968.7228915096762,3795.3433382671656,1129.3411101745664,1995.4354354354355
25.465465465465464,1969.8554517772195,3801.6358486199465,1131.4247777871924,1995.4654654654655
25.495495495495494,1970.9863374944061,3807.9427859349826,1133.5102705854638,1995.4954954954956
25.525525525525524,1972.115548281468,3814.2641800374367,1135.5975893955379,1995.5255255255256
25.555555555555554,1973.24308375611,3820.60006079863,1137.686735046603,1995.5555555555557
25.585585585585584,1974.3689435335114,3826.9504581360366,1139.7777083708793,1995.5855855855855
25.615615615615614,1975.493127226323,3833.315402013287,1141.8705102036183,1995.6156156156155
25.645645645645647,1976.6156344446683,3839.6949224401683,1143.9651413831039,1995.6456456456456
25.675675675675677,1977.736464796145,3846.089049472621,1146.0616027506503,1995.6756756756756
25.705705705705707,1978.8556178858225,3852.497813212744,1148.1598951506041,1995.7057057057057
25.735735735735737,1979.973093316244,3858.9212438087884,1150.2600194303436,1995.7357357357357
25.765765765765767,1981.0888906874256,3865.3593714551635,1152.3619764402788,1995.7657657657658
25.795795795795797,1982.2030095968555,3871.8122263924342,1154.4657670338504,1995.7957957957958
25.825825825825827,1983.3154496394952,3878.2798389073196,1156.5713920675316,1995.8258258258259
25.855855855855857,1984.4262104077795,3884.7622393326938,1158.6788524008268,1995.855855855856
25.885885885885887,1985.5352914916161,3891.2594580475875,1160.788148896272,1995.885885885886
25.915915915915917,1986.642692478385,3897.7715254771883,1162.8992824194352,1995.915915915916
25.945945945945947,1987.7484129529398,3904.298472092837,1165.0122538389155,1995.945945945946
25.975975975975977,1988.8524524976065,3910.8403284120322,1167.1270640263433,1995.9759759759759
26.006006006006007,1989.9548106921843,3917.397124998425,1169.2437138563819,1996.006006006006
26.036036036036037,1991.0554871139457,3923.9688924618245,1171.3622042067245,1996.036036036036
26.066066066066067,1992.1544813376354,3930.555661458194,1173.4825359580977,1996.066066066066
26.096096096096097,1993.251792935471,3937.157462689655,1175.604709994258,1996.096096096096
26.126126126126128,1994.347421477144,3943.7743269044813,1177.7287272019948,1996.126126126126
26.156156156156158,1995.4413665298177,3950.406284897103,1179.854588471128,1996.1561561561562
26.186186186186188,1996.5336276581293,3957.053367508107,1181.98229469451,1996.1861861861862
26.216216216216218,1997.6242044241874,3963.7156056242356,1184.1118467680246,1996.2162162162163
26.246246246246248,1998.7130963875757,3970.393030178384,1186.2432455905864,1996.2462462462463
26.276276276276278,1999.800303105349,3977.085672149607,1188.376492064143,1996.2762762762763
26.306306306306308,2000.885824132036,3983.793562563113,1190.5115870936725,1996.3063063063064
26.336336336336338,2001.9696590196381,3990.516732490265,1192.6485315871846,1996.3363363363364
26.366366366366368,2003.051807317629,3997.2552130485833,1194.7873264557215,1996.3663663663663
26.396396396396398,2004.1322685729565,4004.009035401742,1196.9279726133564,1996.3963963963963
26.426426426426428,2005.21104233004,4010.778230759572,1199.0704709771935,1996.4264264264264
26.456456456456458,2006.2881281307732,4017.562830378061,1201.2148224673695,1996.4564564564564
26.486486486486488,2007.3635255145216,4024.362865559348,1203.361028007053,1996.4864864864865
26.516516516516518,2008.4372340181244,4031.1783676517325,1205.5090885224427,1996.5165165165165
26.546546546546548,2009.509253175893,4038.0093680496666,1207.659004942771,1996.5465465465466
26.576576576576578,2010.5795825196124,4044.855898193758,1209.8107782002992,1996.5765765765766
26.606606606606608,2011.6482215785395,4051.717989570772,1211.9644092303224,1996.6066066066066
26.636636636636638,2012.715169879406,4058.595673713626,1214.119898971167,1996.6366366366367
26.666666666666668,2013.7804269464145,4065.488982201398,1216.2772483641907,1996.6666666666667
26.696696696696698,2014.843992301242,4072.397946659316,1218.4364583537817,1996.6966966966968
26.726726726726728,2015.9058654630371,4079.322598758767,1220.5975298873616,1996.7267267267268
26.756756756756758,2016.9660459484228,4086.2629702172935,1222.7604639153824,1996.7567567567567
26.786786786786788,2018.0245332714935,4093.2190927985907,1224.9252613913284,1996.7867867867867
26.816816816816818,2019.081326943818,4100.190998312513,1227.0919232717151,1996.8168168168168
26.846846846846848,2020.1364264744368,4107.178718615069,1229.2604505160893,1996.8468468468468
26.876876876876878,2021.189831369864,4114.182285608422,1231.4308440870304,1996.8768768768768
26.906906906906908,2022.2415411340864,4121.201731240892,1233.6031049501482,1996.906906906907
26.936936936936938,2023.291555268564,4128.237087506952,1235.7772340740848,1996.936936936937
26.966966966966968,2024.3398732722292,4135.288386447234,1237.9532324305142,1996.966966966967
26.996996996996998,2025.3864946414876,4142.355660148525,1240.1311009941414,1996.996996996997
27.027027027027028,2026.4314188702178,4149.438940743767,1242.3108407427026,1997.027027027027
27.057057057057058,2027.4746454497717,4156.538260412053,1244.4924526569666,1997.0570570570571
27.087087087087088,2028.516173868973,4163.653651378641,1246.6759377207338,1997.0870870870872
27.117117117117118,2029.5560036141196,4170.785145914936,1248.8612969208348,1997.1171171171172
27.147147147147148,2030.5941341689813,4177.932776338503,1251.0485312471333,1997.147147147147
27.177177177177178,2031.6305650148015,4185.096575013062,1253.237641692524,1997.177177177177
27.207207207207208,2032.665295630296,4192.276574348487,1255.4286292529332,1997.2072072072071
27.237237237237238,2033.698325491654,4199.47280680081,1257.621494927319,1997.2372372372372
27.26726726726727,2034.7296540725374,4206.685304872214,1259.8162397176707,1997.2672672672672
27.2972972972973,2035.7592808440813,4213.914101111043,1262.0128646290093,1997.2972972972973
27.32732732732733,2036.787205274893,4221.159228111795,1264.211370669388,1997.3273273273273
27.35735735735736,2037.8134268310537,4228.420718515121,1266.4117588498907,1997.3573573573574
27.38738738738739,2038.8379449761164,4235.698605007829,1268.6140301846335,1997.3873873873874
27.41741741741742,2039.8607591711084,4242.992920322885,1270.818185690764,1997.4174174174175
27.44744744744745,2040.8818688745282,4250.303697239406,1273.0242263884616,1997.4474474474475
27.47747747747748,2041.9012735423491,4257.630968582667,1275.2321533009358,1997.4774774774776
27.50750750750751,2042.918972628016,4264.974767224101,1277.4419674544306,1997.5075075075074
27.53753753753754,2043.9349655824474,4272.335126081293,1279.6536698782184,1997.5375375375374
27.56756756756757,2044.9492518540337,4279.712078117984,1281.8672616046056,1997.5675675675675
27.5975975975976,2045.9618308886397,4287.105656344071,1284.0827436689292,1997.5975975975975
27.62762762762763,2046.972702129602,4294.515893815606,1286.3001171095575,1997.6276276276276
27.65765765765766,2047.9818650177313,4301.942823634799,1288.519382967891,1997.6576576576576
27.68768768768769,2048.989318991309,4309.386478950013,1290.7405422883621,1997.6876876876877
27.71771771771772,2049.9950634860925,4316.846892955768,1292.9635961184335,1997.7177177177177
27.74774774774775,2050.9990979353092,4324.324098892739,1295.1885455086012,1997.7477477477478
27.77777777777778,2052.0014217696616,4331.818130047755,1297.4153915123907,1997.7777777777778
27.80780780780781,2053.0020344173236,4339.329019753803,1299.644135186361,1997.8078078078079
27.83783783783784,2054.0009353039427,4346.856801390024,1301.8747775901015,1997.837837837838
27.86786786786787,2054.9981238526398,4354.401508381716,1304.1073197862347,1997.867867867868
27.8978978978979,2055.993599484008,4361.963174200331,1306.3417628404127,1997.8978978978978
27.92792792792793,2056.987361616113,4369.5418323634785,1308.5781078213204,1997.9279279279278
27.95795795795796,2057.9794096644946,4377.137516434921,1310.816355800674,1997.957957957958
27.98798798798799,2058.9697430421647,4384.750260024577,1313.0565078532218,1997.987987987988
28.01801801801802,2059.958361159608,4392.380096788524,1315.298565056743,1998.018018018018
28.04804804804805,2060.945263424783,4400.027060428991,1317.542528492048,1998.048048048048
28.07807807807808,2061.93044924312,4407.691184694363,1319.7883992429806,1998.078078078078
28.10810810810811,2062.9139180175234,4415.372503379183,1322.0361783964145,1998.1081081081081
28.13813813813814,2063.895669148369,4423.071050324148,1324.2858670422552,1998.1381381381382
28.16816816816817,2064.875702033507,4430.78685941611,1326.5374662734407,1998.1681681681682
28.1981981981982,2065.8540160682596,4438.519964588078,1328.79097718594,1998.1981981981983
28.22822822822823,2066.8306106454224,4446.270399819215,1331.046400878753,1998.2282282282283
28.25825825825826,2067.8054851552643,4454.03819913484,1333.303738453913,1998.2582582582584
28.28828828828829,2068.7786389855255,4461.823396606429,1335.562991016483,1998.2882882882882
28.31831831831832,2069.750071521421,4469.626026351613,1337.8241596745588,1998.3183183183182
28.34834834834835,2070.719782145638,4477.446122534176,1340.0872455392678,1998.3483483483483
28.37837837837838,2071.6877702383363,4485.283719364061,1342.3522497247677,1998.3783783783783
28.40840840840841,2072.6540351771487,4493.138851097363,1344.6191733482492,1998.4084084084084
28.43843843843844,2073.618576337182,4501.011552036338,1346.8880175299346,1998.4384384384384
28.46846846846847,2074.5813930910135,4508.901856529392,1349.1587833930762,1998.4684684684685
28.4984984984985,2075.542484808697,4516.809798971088,1351.43147206396,1998.4984984984985
28.52852852852853,2076.501850857755,4524.735413802146,1353.7060846719019,1998.5285285285286
28.55855855855856,2077.4594906031866,4532.678735509442,1355.9826223492505,1998.5585585585586
28.58858858858859,2078.415403407462,4540.639798626006,1358.261086231386,1998.5885885885887
28.61861861861862,2079.369588630524,4548.618637731024,1360.541477456719,1998.6186186186187
28.64864864864865,2080.32204562979,4556.615287449835,1362.8237971666927,1998.6486486486488
28.67867867867868,2081.2727737601485,4564.62978245394,1365.108046505782,1998.6786786786786
28.70870870870871,2082.2217723739623,4572.662157460989,1367.3942266214926,1998.7087087087086
28.73873873873874,2083.169040821066,4580.7124472347905,1369.6823386643628,1998.7387387387387
28.76876876876877,2084.114578448768,4588.780686585309,1371.9723837879615,1998.7687687687687
28.7987987987988,2085.0583846018494,4596.866910368663,1374.26436314889,1998.7987987987988
28.82882882882883,2086.000458622564,4604.971153487129,1376.5582779067813,1998.8288288288288
28.85885885885886,2086.9407998506385,4613.093450889135,1378.8541292242985,1998.8588588588589
28.88888888888889,2087.8794076232725,4621.233837569267,1381.1519182671377,1998.888888888889
28.91891891891892,2088.8162812751393,4629.392348568268,1383.451646204027,1998.918918918919
28.94894894894895,2089.7514201383838,4637.569018973036,1385.7533142067246,1998.948948948949
28.97897897897898,2090.684823542625,4645.763883916621,1388.0569234500213,1998.978978978979
29.00900900900901,2091.616490814954,4653.976978578232,1390.3624751117395,1999.009009009009
29.03903903903904,2092.546421279935,4662.208338183232,1392.6699703727322,1999.039039039039
29.06906906906907,2093.474614259607,4670.457998003141,1394.979410416886,1999.069069069069
29.0990990990991,2094.4010690734776,4678.725993355636,1397.2907964311166,1999.099099099099
29.12912912912913,2095.3257850385316,4687.012359604543,1399.6041296053731,1999.129129129129
29.15915915915916,2096.2487614692245,4695.317132159851,1401.9194111326356,1999.1591591591591
29.18918918918919,2097.169997677486,4703.640346477701,1404.2366422089158,1999.1891891891892
29.21921921921922,2098.0894929727174,4711.982038060389,1406.555824033257,1999.2192192192192
29.24924924924925,2099.007246661793,4720.342242456368,1408.876957807734,1999.2492492492493
29.27927927927928,2099.9232580490616,4728.720995260247,1411.200044737454,1999.2792792792793
29.30930930930931,2100.8375264363435,4737.118332112788,1413.5250860305541,1999.3093093093094
29.33933933933934,2101.750051122932,4745.534288700912,1415.852082898205,1999.3393393393394
29.36936936936937,2102.660831405594,4753.968900757693,1418.181036554607,1999.3693693693695
29.3993993993994,2103.5698665785685,4762.422204062359,1420.511948216994,1999.3993993993995
29.42942942942943,2104.477155933568,4770.894234440299,1422.84481910563,1999.4294294294293
29.45945945945946,2105.3826987597786,4779.385027763054,1425.1796504438112,1999.4594594594594
29.48948948948949,2106.286494343858,4787.89461994832,1427.516443457865,1999.4894894894894
29.51951951951952,2107.1885419699365,4796.4230469599515,1429.8551993771507,1999.5195195195195
29.54954954954955,2108.0888409196195,4804.970344807953,1432.1959194340602,1999.5495495495495
29.57957957957958,2108.987390471983,4813.53654954849,1434.5386048640148,1999.5795795795796
29.60960960960961,2109.884189903578,4822.121697283883,1436.8832569054694,1999.6096096096096
29.63963963963964,2110.7792384884256,4830.725824162605,1439.229876799909,1999.6396396396397
29.66966966966967,2111.672535498023,4839.348966379288,1441.5784657918516,1999.6696696696697
29.6996996996997,2112.564080201338,4847.991160174715,1443.9290251288453,1999.6996996996997
29.72972972972973,2113.4538718648137,4856.652441835829,1446.2815560614713,1999.7297297297298
29.75975975975976,2114.3419097523624,4865.332847695729,1448.6360598433412,1999.7597597597598
29.78978978978979,2115.228193125373,4874.032414133664,1450.9925377310988,1999.78978978979
29.81981981981982,2116.112721242706,4882.7511775750445,1453.3509909844192,1999.8198198198197
29.84984984984985,2116.995493360693,4891.489174491432,1455.7114208660096,1999.8498498498498
29.87987987987988,2117.876508733143,4900.246441400548,1458.0738286416085,1999.8798798798798
29.90990990990991,2118.7557666113325,4909.023014866266,1460.4382155799858,1999.9099099099099
29.93993993993994,2119.6332662440154,4917.818931498616,1462.8045829529433,1999.93993993994
29.96996996996997,2120.509006877416,4926.634227953783,1465.1729320353138,1999.96996996997
30.0,2121.3829877552316,4935.468940934111,1467.5432641049624,2000.0
